<?xml version="1.0" encoding="UTF-8"?>
<configuration>

	<!-- 로그파일 저장 경로 -->
	<property name="LOG_DIR" value="./logback" />

	<!-- CONSOLE -->
	<appender name="CONSOLE" class="ch.qos.logback.core.ConsoleAppender">
		<layout class="ch.qos.logback.classic.PatternLayout">
			<Pattern>
				[%-5level] %d{yyyy-MM-dd HH:mm:ss.SSS} : %30logger{5} - %msg%n
			</Pattern>
		</layout>
	</appender>
	<!-- // CONSOLE -->
	<!-- SYSLOG -->
	<appender name="SYSLOG" class="ch.qos.logback.core.rolling.RollingFileAppender">
		<file>${LOG_DIR}/syslog/syslog.log</file>
		<layout class="ch.qos.logback.classic.PatternLayout">
			<Pattern>
				[%-5level] %d{yyyy-MM-dd HH:mm:ss.SSS} : %30logger{5} - %msg%n
			</Pattern>
		</layout>
		<rollingPolicy class="ch.qos.logback.core.rolling.TimeBasedRollingPolicy">
			<fileNamePattern>${LOG_DIR}/syslog/syslog.%d{yyyy-MM-dd}.%i.log</fileNamePattern>
			<timeBasedFileNamingAndTriggeringPolicy class="ch.qos.logback.core.rolling.SizeAndTimeBasedFNATP">
				<maxFileSize>10MB</maxFileSize>
			</timeBasedFileNamingAndTriggeringPolicy>
		</rollingPolicy>
	</appender>
	<!-- // SYSLOG -->
	<!-- ACCESSLOG -->
	<appender name="ACCESSLOG" class="ch.qos.logback.core.rolling.RollingFileAppender">
		<file>${LOG_DIR}/accesslog/accesslog.log</file>
		<layout class="ch.qos.logback.classic.PatternLayout">
			<Pattern>
				%msg%n
			</Pattern>
		</layout>
		<rollingPolicy class="ch.qos.logback.core.rolling.TimeBasedRollingPolicy">
			<fileNamePattern>${LOG_DIR}/accesslog/accesslog.%d{yyyy-MM-dd}.%i.log</fileNamePattern>
			<timeBasedFileNamingAndTriggeringPolicy class="ch.qos.logback.core.rolling.SizeAndTimeBasedFNATP">
				<maxFileSize>10MB</maxFileSize>
			</timeBasedFileNamingAndTriggeringPolicy>
		</rollingPolicy>
	</appender>

	<root level="DEBUG">
		<appender-ref ref="CONSOLE" />
		<appender-ref ref="SYSLOG" />
	</root>

	<logger name="jdbc.sqlonly" level="off"/>
	<logger name="jdbc.sqltiming" level="debug"/>
	<logger name="jdbc.audit" level="off"/>
	<logger name="jdbc.resultset" level="off"/>
	<logger name="jdbc.resultsettable" level="debug"/>
	<logger name="jdbc.connection" level="off"/>

	<logger name="com.projectK" level="DEBUG" additivity="false">
		<appender-ref ref="CONSOLE" />
	</logger>
	<logger name="access-log" level="info" additivity="false">
		<appender-ref ref="ACCESSLOG" />
	</logger>

</configuration>